{
	"Walls": {
		"1": [
			[
				5,
				0,
				0
			],
			[
				5,
				0,
				4
			],
			[
				0,
				0,
				4
			],
			[
				0,
				0,
				0
			]
		],
		"2": [
			[
				5,
				10,
				0
			],
			[
				5,
				10,
				4
			],
			[
				5,
				0,
				4
			],
			[
				5,
				0,
				0
			]
		],
		"3": [
			[
				0,
				0,
				0
			],
			[
				0,
				0,
				4
			],
			[
				0,
				10,
				4
			],
			[
				0,
				10,
				0
			]
		],
		"4": [
			[
				0,
				10,
				0
			],
			[
				0,
				10,
				4
			],
			[
				5,
				10,
				4
			],
			[
				5,
				10,
				0
			]
		]
	},
	"Cameras": {
		"1": {
			"point": [
				2,
				0,
				4
			],
			"direction": [
				-0.01715327161359337,
				4.135777101843596,
				0
			]
		},
		"2": {
			"point": [
				2,
				0,
				4
			],
			"direction": [
				2.001,
				4,
				0
			]
		}
	}
}